Model,AUC,AP,Accuracy,F1
Text,0.6534465534465534,0.4364762245173689,0.6438356164383562,0.4090909090909091
Audio,0.608891108891109,0.40640932291174414,0.639269406392694,0.3779527559055118
Visual,0.5642357642357643,0.3502275769898302,0.5981735159817352,0.34328358208955223
Fusion,0.67992007992008,0.475638515520746,0.6986301369863014,0.4
