Model,AUC,AP,Accuracy,F1
Text,0.6534465534465534,0.4364762245173689,0.6438356164383562,0.4090909090909091
Audio,0.6123876123876124,0.4536955421632713,0.6575342465753424,0.38016528925619836
Visual,0.5642357642357643,0.3502275769898302,0.5981735159817352,0.34328358208955223
Fusion,0.6836163836163837,0.4872670663948582,0.7123287671232876,0.4
